Date,Open,High,Low,Close,Adj Close,Volume,ticker
2021-03-08,384.6600036621094,387.67999267578125,381.4200134277344,381.7200012207031,370.6849365234375,123149200,SPY
2021-03-09,385.8500061035156,389.9100036621094,385.30999755859375,387.1700134277344,375.9773864746094,113633600,SPY
2021-03-10,389.69000244140625,391.3999938964844,388.1700134277344,389.5799865722656,378.3177185058594,109899400,SPY
2021-03-11,392.2300109863281,395.6499938964844,391.739990234375,393.5299987792969,382.15350341796875,86245000,SPY
2021-03-12,392.07000732421875,394.2099914550781,391.20001220703125,394.05999755859375,382.6681823730469,64653600,SPY
2021-03-15,394.3299865722656,396.69000244140625,392.0299987792969,396.4100036621094,384.9502868652344,73427200,SPY
2021-03-16,397.07000732421875,397.8299865722656,395.0799865722656,395.9100036621094,384.4646911621094,73722500,SPY
2021-03-17,394.5299987792969,398.1199951171875,393.29998779296875,397.260009765625,385.77569580078125,97959300,SPY
2021-03-18,394.4800109863281,396.7200012207031,390.75,391.4800109863281,380.1628112792969,115349100,SPY
2021-03-19,389.8800048828125,391.57000732421875,387.1499938964844,389.4800109863281,379.4593811035156,113624500,SPY
2021-03-22,390.0299987792969,394.07000732421875,389.9700012207031,392.5899963378906,382.4893798828125,73778600,SPY
2021-03-23,391.9100036621094,393.4599914550781,388.6600036621094,389.5,379.47882080078125,90686600,SPY
2021-03-24,391.0,392.75,387.4700012207031,387.5199890136719,377.5497741699219,97588600,SPY
2021-03-25,385.9800109863281,390.54998779296875,383.8999938964844,389.70001220703125,379.6737365722656,116128600,SPY
2021-03-26,390.92999267578125,396.4100036621094,390.2900085449219,395.9800109863281,385.7921447753906,114409100,SPY
2021-03-29,394.3999938964844,396.75,392.80999755859375,395.7799987792969,385.5972900390625,108107600,SPY
2021-03-30,394.4200134277344,395.45001220703125,393.0199890136719,394.7300109863281,384.5743103027344,76262200,SPY
2021-03-31,395.3399963378906,398.0,395.30999755859375,396.3299865722656,386.1331481933594,112734200,SPY
2021-04-01,398.3999938964844,400.6700134277344,398.17999267578125,400.6099853515625,390.30303955078125,99682900,SPY
2021-04-05,403.4599914550781,406.94000244140625,403.3800048828125,406.3599853515625,395.9050598144531,91684800,SPY
2021-04-06,405.760009765625,407.239990234375,405.3999938964844,406.1199951171875,395.6712646484375,62021000,SPY
2021-04-07,405.94000244140625,406.9599914550781,405.45001220703125,406.5899963378906,396.1291198730469,55836300,SPY
2021-04-08,407.92999267578125,408.5799865722656,406.92999267578125,408.5199890136719,398.0094909667969,57863100,SPY
2021-04-09,408.3900146484375,411.6700134277344,408.260009765625,411.489990234375,400.9031066894531,61104600,SPY
2021-04-12,410.8500061035156,411.92999267578125,410.20001220703125,411.6400146484375,401.04925537109375,56704900,SPY
2021-04-13,411.5299987792969,413.5299987792969,411.1199951171875,412.8599853515625,402.2378234863281,56551000,SPY
2021-04-14,412.8299865722656,413.9599914550781,410.8699951171875,411.45001220703125,400.8641357421875,61659900,SPY
2021-04-15,413.739990234375,416.1600036621094,413.69000244140625,415.8699951171875,405.1703796386719,60229800,SPY
2021-04-16,417.25,417.9100036621094,415.7300109863281,417.260009765625,406.524658203125,82037300,SPY
2021-04-19,416.260009765625,416.739990234375,413.7900085449219,415.2099914550781,404.52734375,78498500,SPY
2021-04-20,413.9100036621094,415.0899963378906,410.5899963378906,412.1700134277344,401.5655822753906,81851800,SPY
2021-04-21,411.510009765625,416.2900085449219,411.3599853515625,416.07000732421875,405.365234375,66793000,SPY
2021-04-22,415.8900146484375,416.7799987792969,411.1300048828125,412.2699890136719,401.6629943847656,97582800,SPY
2021-04-23,412.8699951171875,418.25,412.7900085449219,416.739990234375,406.01800537109375,73209200,SPY
2021-04-26,417.44000244140625,418.2200012207031,416.80999755859375,417.6099853515625,406.8656005859375,52182400,SPY
2021-04-27,417.92999267578125,418.1400146484375,416.29998779296875,417.5199890136719,406.7779541015625,51303100,SPY
2021-04-28,417.80999755859375,419.010009765625,416.8999938964844,417.3999938964844,406.6610107421875,51238900,SPY
2021-04-29,420.32000732421875,420.7200012207031,416.44000244140625,420.05999755859375,409.2525939941406,78544300,SPY
2021-04-30,417.6300048828125,418.5400085449219,416.3399963378906,417.29998779296875,406.5635986328125,85527000,SPY
2021-05-03,419.42999267578125,419.8399963378906,417.6700134277344,418.20001220703125,407.4404602050781,68128300,SPY
2021-05-04,416.07000732421875,416.6000061035156,411.6700134277344,415.6199951171875,404.92681884765625,101591200,SPY
2021-05-05,417.3800048828125,417.6300048828125,415.1499938964844,415.75,405.053466796875,60162200,SPY
2021-05-06,415.8299865722656,419.2099914550781,413.67999267578125,419.07000732421875,408.28802490234375,74321400,SPY
2021-05-07,419.8900146484375,422.82000732421875,419.1600036621094,422.1199951171875,411.2596130371094,67733800,SPY
2021-05-10,422.5,422.739990234375,417.80999755859375,417.94000244140625,407.1871337890625,81852400,SPY
2021-05-11,413.1000061035156,415.2699890136719,410.05999755859375,414.2099914550781,403.5531005859375,116888000,SPY
2021-05-12,411.2300109863281,412.5899963378906,404.0,405.4100036621094,394.9795227050781,134811000,SPY
2021-05-13,407.07000732421875,412.3500061035156,407.0199890136719,410.2799987792969,399.7242431640625,106394000,SPY
2021-05-14,413.2099914550781,417.489990234375,413.17999267578125,416.5799865722656,405.8621520996094,82201600,SPY
2021-05-17,415.3900146484375,416.3900146484375,413.3599853515625,415.5199890136719,404.8293762207031,65129200,SPY
2021-05-18,415.79998779296875,416.05999755859375,411.7699890136719,411.94000244140625,401.341552734375,59810200,SPY
2021-05-19,406.9200134277344,411.04998779296875,405.3299865722656,410.8599853515625,400.2892761230469,106467100,SPY
2021-05-20,411.79998779296875,416.6300048828125,411.6700134277344,415.2799987792969,404.5955810546875,78022200,SPY
2021-05-21,416.8699951171875,418.20001220703125,414.45001220703125,414.94000244140625,404.26434326171875,76578700,SPY
2021-05-24,417.3399963378906,420.32000732421875,417.0799865722656,419.1700134277344,408.3855285644531,51376700,SPY
2021-05-25,420.3299865722656,420.7099914550781,417.6199951171875,418.239990234375,407.4794006347656,57451400,SPY
2021-05-26,418.8699951171875,419.6099853515625,417.760009765625,419.07000732421875,408.28802490234375,43088600,SPY
2021-05-27,420.1700134277344,420.7200012207031,418.989990234375,419.2900085449219,408.5024108886719,56707700,SPY
2021-05-28,420.9700012207031,421.25,419.7900085449219,420.0400085449219,409.23309326171875,58520200,SPY
2021-06-01,422.57000732421875,422.7200012207031,419.20001220703125,419.6700134277344,408.8726806640625,54216600,SPY
2021-06-02,420.3699951171875,421.2300109863281,419.2900085449219,420.3299865722656,409.51568603515625,49097100,SPY
2021-06-03,417.8500061035156,419.989990234375,416.2799987792969,418.7699890136719,407.9957580566406,58138800,SPY
2021-06-04,420.75,422.9200134277344,418.8399963378906,422.6000061035156,411.7272033691406,55938800,SPY
2021-06-07,422.5899963378906,422.7799987792969,421.19000244140625,422.19000244140625,411.32781982421875,51555000,SPY
2021-06-08,423.1099853515625,423.2099914550781,420.32000732421875,422.2799987792969,411.4154968261719,47134300,SPY
2021-06-09,423.17999267578125,423.260009765625,421.4100036621094,421.6499938964844,410.8016357421875,48436300,SPY
2021-06-10,422.9599914550781,424.6300048828125,421.54998779296875,423.6099853515625,412.71124267578125,51020100,SPY
2021-06-11,424.20001220703125,424.42999267578125,422.82000732421875,424.30999755859375,413.3932189941406,45570800,SPY
2021-06-14,424.42999267578125,425.3699951171875,423.1000061035156,425.260009765625,414.3188171386719,42358500,SPY
2021-06-15,425.4200134277344,425.4599914550781,423.5400085449219,424.4800109863281,413.5588684082031,51508500,SPY
2021-06-16,424.6300048828125,424.8699951171875,419.9200134277344,422.1099853515625,411.2498474121094,80386100,SPY
2021-06-17,421.6700134277344,423.0199890136719,419.32000732421875,421.9700012207031,411.11346435546875,90949700,SPY
2021-06-18,417.0899963378906,417.8299865722656,414.70001220703125,414.9200134277344,405.5673828125,118676300,SPY
2021-06-21,416.79998779296875,421.05999755859375,415.92999267578125,420.8599853515625,411.3734436035156,72822000,SPY
2021-06-22,420.8500061035156,424.0,420.0799865722656,423.1099853515625,413.57275390625,57700300,SPY
2021-06-23,423.19000244140625,424.04998779296875,422.510009765625,422.6000061035156,413.07421875,49445400,SPY
2021-06-24,424.8900146484375,425.54998779296875,424.6199951171875,425.1000061035156,415.5179138183594,45110300,SPY
2021-06-25,425.8999938964844,427.0899963378906,425.54998779296875,426.6099853515625,416.99383544921875,58129500,SPY
2021-06-28,427.1700134277344,427.6499938964844,425.8900146484375,427.4700012207031,417.8345031738281,53159600,SPY
2021-06-29,427.8800048828125,428.55999755859375,427.1300048828125,427.70001220703125,418.0592956542969,35970500,SPY
2021-06-30,427.2099914550781,428.7799987792969,427.17999267578125,428.05999755859375,418.41119384765625,64827900,SPY
2021-07-01,428.8699951171875,430.6000061035156,428.79998779296875,430.42999267578125,420.7277526855469,53441000,SPY
2021-07-02,431.6700134277344,434.1000061035156,430.5199890136719,433.7200012207031,423.9435729980469,57697700,SPY
2021-07-06,433.7799987792969,434.010009765625,430.010009765625,432.92999267578125,423.1714172363281,68710400,SPY
2021-07-07,433.6600036621094,434.760009765625,431.510009765625,434.4599914550781,424.66693115234375,63549500,SPY
2021-07-08,428.7799987792969,431.7300109863281,427.5199890136719,430.9200134277344,421.20672607421875,97595200,SPY
2021-07-09,432.5299987792969,435.8399963378906,430.7099914550781,435.5199890136719,425.7030334472656,76238600,SPY
2021-07-12,435.42999267578125,437.3500061035156,434.9700012207031,437.0799865722656,427.22784423828125,52889600,SPY
2021-07-13,436.239990234375,437.8399963378906,435.30999755859375,435.5899963378906,425.771484375,52911300,SPY
2021-07-14,437.3999938964844,437.9200134277344,434.9100036621094,436.239990234375,426.40679931640625,64130400,SPY
2021-07-15,434.80999755859375,435.5299987792969,432.7200012207031,434.75,424.95037841796875,55126400,SPY
2021-07-16,436.010009765625,436.05999755859375,430.9200134277344,431.3399963378906,421.61724853515625,75874700,SPY
2021-07-19,426.19000244140625,431.4100036621094,421.9700012207031,424.9700012207031,415.3908386230469,147987000,SPY
2021-07-20,425.67999267578125,432.4200134277344,424.8299865722656,431.05999755859375,421.34356689453125,99608200,SPY
2021-07-21,432.3399963378906,434.70001220703125,431.010009765625,434.54998779296875,424.7549133300781,64724400,SPY
2021-07-22,434.739990234375,435.7200012207031,433.69000244140625,435.4599914550781,425.64434814453125,47878500,SPY
2021-07-23,437.5199890136719,440.29998779296875,436.7900085449219,439.94000244140625,430.02337646484375,63766600,SPY
2021-07-26,439.30999755859375,441.0299987792969,439.260009765625,441.0199890136719,431.07904052734375,43719200,SPY
2021-07-27,439.9100036621094,439.94000244140625,435.989990234375,439.010009765625,429.1143798828125,67397100,SPY
2021-07-28,439.67999267578125,440.29998779296875,437.30999755859375,438.8299865722656,428.93841552734375,52472400,SPY
2021-07-29,439.82000732421875,441.79998779296875,439.80999755859375,440.6499938964844,430.7173767089844,47435300,SPY
2021-07-30,437.9100036621094,440.05999755859375,437.7699890136719,438.510009765625,428.6256103515625,68951200,SPY
2021-08-02,440.3399963378906,440.92999267578125,437.2099914550781,437.5899963378906,427.7263488769531,58783300,SPY
2021-08-03,438.44000244140625,441.2799987792969,436.1000061035156,441.1499938964844,431.20611572265625,58053900,SPY
2021-08-04,439.7799987792969,441.1199951171875,438.7300109863281,438.9800109863281,429.0850524902344,46732200,SPY
2021-08-05,440.2200012207031,441.8500061035156,439.8800048828125,441.760009765625,431.8023376464844,38969700,SPY
2021-08-06,442.1000061035156,442.94000244140625,441.79998779296875,442.489990234375,432.51593017578125,46930000,SPY
2021-08-09,442.4599914550781,442.79998779296875,441.30999755859375,442.1300048828125,432.1640319824219,41222600,SPY
2021-08-10,442.6099853515625,443.44000244140625,441.8800048828125,442.67999267578125,432.7016296386719,43339300,SPY
2021-08-11,443.82000732421875,443.8800048828125,442.6199951171875,443.7799987792969,433.77685546875,44034300,SPY
2021-08-12,443.6199951171875,445.260009765625,442.6600036621094,445.1099853515625,435.0768737792969,38909400,SPY
2021-08-13,445.5899963378906,445.94000244140625,445.07000732421875,445.9200134277344,435.86859130859375,39470300,SPY
2021-08-16,444.5299987792969,447.1099853515625,442.8699951171875,446.9700012207031,436.8949279785156,73740000,SPY
2021-08-17,444.239990234375,444.9599914550781,440.8500061035156,444.0400085449219,434.0309753417969,92673900,SPY
2021-08-18,442.9599914550781,444.6300048828125,438.9200134277344,439.17999267578125,429.280517578125,89351900,SPY
2021-08-19,436.2699890136719,441.1400146484375,436.1199951171875,439.8599853515625,429.9452209472656,92812200,SPY
2021-08-20,440.2300109863281,443.7099914550781,439.7099914550781,443.3599853515625,433.3663024902344,72008700,SPY
2021-08-23,445.1600036621094,448.2300109863281,443.44000244140625,447.260009765625,437.17840576171875,54973000,SPY
2021-08-24,447.9700012207031,448.5400085449219,447.4200134277344,447.9700012207031,437.8723449707031,38744700,SPY
2021-08-25,448.1700134277344,449.4599914550781,447.7699890136719,448.9100036621094,438.7912292480469,40529700,SPY
2021-08-26,448.6099853515625,448.8599853515625,446.1600036621094,446.260009765625,436.200927734375,57829600,SPY
2021-08-27,447.1199951171875,450.6499938964844,447.05999755859375,450.25,440.10101318359375,77235100,SPY
2021-08-30,450.9700012207031,453.07000732421875,450.7099914550781,452.2300109863281,442.03631591796875,48357400,SPY
2021-08-31,452.1300048828125,452.489990234375,450.9200134277344,451.55999755859375,441.3815002441406,59300200,SPY
2021-09-01,452.55999755859375,453.1099853515625,451.54998779296875,451.79998779296875,441.6160583496094,48721400,SPY
2021-09-02,453.32000732421875,454.04998779296875,451.9100036621094,453.19000244140625,442.9747314453125,42501000,SPY
2021-09-03,451.9800109863281,453.6300048828125,451.54998779296875,453.0799865722656,442.8671875,47170500,SPY
2021-09-07,452.7099914550781,452.80999755859375,450.739990234375,451.4599914550781,441.2837219238281,51671500,SPY
2021-09-08,450.8900146484375,451.6700134277344,448.8599853515625,450.9100036621094,440.74609375,56181900,SPY
2021-09-09,450.70001220703125,452.57000732421875,448.7200012207031,448.9800109863281,438.859619140625,57970400,SPY
2021-09-10,451.0400085449219,451.489990234375,445.30999755859375,445.44000244140625,435.3993835449219,89948200,SPY
2021-09-13,448.6400146484375,448.9200134277344,444.1099853515625,446.5799865722656,436.51373291015625,83738600,SPY
2021-09-14,448.1199951171875,448.3399963378906,443.2200012207031,444.1700134277344,434.1580505371094,78197100,SPY
2021-09-15,444.6199951171875,448.4100036621094,443.44000244140625,447.8800048828125,437.784423828125,78792200,SPY
2021-09-16,447.32000732421875,448.3599853515625,444.0199890136719,447.1700134277344,437.0904541015625,77786700,SPY
2021-09-17,444.9200134277344,445.3699951171875,441.0199890136719,441.3999938964844,432.8326721191406,118425000,SPY
2021-09-20,434.8800048828125,436.55999755859375,428.8599853515625,434.0400085449219,425.6155700683594,166445500,SPY
2021-09-21,436.5299987792969,437.9100036621094,433.07000732421875,433.6300048828125,425.2135009765625,92526100,SPY
2021-09-22,436.04998779296875,440.0299987792969,433.75,437.8599853515625,429.3614501953125,102350100,SPY
2021-09-23,439.8500061035156,444.8900146484375,439.6000061035156,443.17999267578125,434.57818603515625,76396000,SPY
2021-09-24,441.44000244140625,444.6700134277344,441.2099914550781,443.9100036621094,435.29400634765625,62094800,SPY
2021-09-27,442.80999755859375,444.04998779296875,441.8999938964844,442.6400146484375,434.04864501953125,61371100,SPY
2021-09-28,439.69000244140625,440.0400085449219,432.94000244140625,433.7200012207031,425.3017578125,130436300,SPY
2021-09-29,435.19000244140625,437.0400085449219,433.8500061035156,434.45001220703125,426.0176086425781,82329200,SPY
2021-09-30,436.0199890136719,436.7699890136719,428.7799987792969,429.1400146484375,420.8106689453125,140506000,SPY
2021-10-01,430.9800109863281,436.0299987792969,427.2300109863281,434.239990234375,425.8116760253906,129240100,SPY
2021-10-04,433.0,433.9599914550781,426.3599853515625,428.6400146484375,420.3204040527344,128570000,SPY
2021-10-05,430.239990234375,435.489990234375,429.3900146484375,433.1000061035156,424.6938171386719,90682500,SPY
2021-10-06,429.2699890136719,435.1199951171875,427.5400085449219,434.8999938964844,426.4588623046875,113032200,SPY
2021-10-07,438.3900146484375,441.67999267578125,438.20001220703125,438.6600036621094,430.14593505859375,72437500,SPY
2021-10-08,439.4800109863281,439.8900146484375,437.19000244140625,437.8599853515625,429.3614501953125,74557400,SPY
2021-10-11,437.1600036621094,440.260009765625,434.6199951171875,434.69000244140625,426.2529602050781,65233300,SPY
2021-10-12,435.6700134277344,436.1000061035156,432.7799987792969,433.6199951171875,425.2037048339844,71181200,SPY
2021-10-13,434.7099914550781,436.04998779296875,431.5400085449219,435.17999267578125,426.7334289550781,72974000,SPY
2021-10-14,439.0799865722656,442.6600036621094,438.5799865722656,442.5,433.911376953125,70236800,SPY
2021-10-15,444.75,446.260009765625,444.0899963378906,445.8699951171875,437.2159423828125,66260200,SPY
2021-10-18,443.9700012207031,447.54998779296875,443.2699890136719,447.19000244140625,438.5103454589844,62213200,SPY
2021-10-19,448.9200134277344,450.7099914550781,448.2699890136719,450.6400146484375,441.8934020996094,46996800,SPY
2021-10-20,451.1300048828125,452.7300109863281,451.010009765625,452.4100036621094,443.6289978027344,49571600,SPY
2021-10-21,451.7699890136719,453.8299865722656,451.30999755859375,453.5899963378906,444.7861022949219,41305400,SPY
2021-10-22,453.1300048828125,454.6700134277344,451.04998779296875,453.1199951171875,444.3252258300781,58845100,SPY
2021-10-25,454.2799987792969,455.8999938964844,452.3900146484375,455.54998779296875,446.7080383300781,45214500,SPY
2021-10-26,457.20001220703125,458.489990234375,455.55999755859375,455.9599914550781,447.1100769042969,56075100,SPY
2021-10-27,456.45001220703125,457.1600036621094,453.8599853515625,453.94000244140625,445.1293029785156,72438000,SPY
2021-10-28,455.4599914550781,458.3999938964844,455.45001220703125,458.32000732421875,449.42431640625,51437900,SPY
2021-10-29,455.8699951171875,459.55999755859375,455.55999755859375,459.25,450.3362121582031,70162400,SPY
2021-11-01,460.29998779296875,460.70001220703125,458.20001220703125,460.0400085449219,451.11090087890625,48433600,SPY
2021-11-02,460.2200012207031,462.2300109863281,460.0799865722656,461.8999938964844,452.9347839355469,48908400,SPY
2021-11-03,461.29998779296875,465.1499938964844,460.8299865722656,464.7200012207031,455.7000427246094,52509800,SPY
2021-11-04,465.3599853515625,467.0,464.989990234375,466.9100036621094,457.84759521484375,52847100,SPY
2021-11-05,469.2799987792969,470.6499938964844,466.9200134277344,468.5299987792969,459.43609619140625,66390600,SPY
2021-11-08,469.70001220703125,470.2300109863281,468.20001220703125,468.92999267578125,459.828369140625,50405200,SPY
2021-11-09,469.32000732421875,469.57000732421875,465.8800048828125,467.3800048828125,458.3084411621094,51149100,SPY
2021-11-10,465.5799865722656,467.3800048828125,462.0400085449219,463.6199951171875,454.6214599609375,69429700,SPY
2021-11-11,465.2099914550781,465.2900085449219,463.75,463.7699890136719,454.7685241699219,34848500,SPY
2021-11-12,465.1199951171875,467.8599853515625,464.1099853515625,467.2699890136719,458.2005615234375,53466700,SPY
2021-11-15,468.6400146484375,468.80999755859375,466.2300109863281,467.42999267578125,458.3574523925781,46980500,SPY
2021-11-16,467.1499938964844,470.489990234375,467.07000732421875,469.2799987792969,460.17156982421875,48857500,SPY
2021-11-17,469.0,469.19000244140625,467.4800109863281,468.1400146484375,459.0537109375,47858300,SPY
2021-11-18,469.239990234375,470.010009765625,466.3399963378906,469.7300109863281,460.61285400390625,50625600,SPY
2021-11-19,469.6099853515625,470.94000244140625,468.5,468.8900146484375,459.7891540527344,57315600,SPY
2021-11-22,470.8900146484375,473.5400085449219,467.3500061035156,467.57000732421875,458.4947814941406,72762000,SPY
2021-11-23,467.2200012207031,469.1000061035156,464.45001220703125,468.19000244140625,459.1026916503906,73206500,SPY
2021-11-24,466.05999755859375,469.57000732421875,465.19000244140625,469.44000244140625,460.3284606933594,61858800,SPY
2021-11-26,462.3399963378906,463.8999938964844,457.7699890136719,458.9700012207031,450.0616760253906,112669600,SPY
2021-11-29,464.07000732421875,466.55999755859375,461.7300109863281,464.6000061035156,455.5823974609375,86268800,SPY
2021-11-30,462.0,464.0299987792969,455.29998779296875,455.55999755859375,446.7178649902344,148559600,SPY
2021-12-01,461.6400146484375,464.6700134277344,450.2900085449219,450.5,441.7560729980469,131939200,SPY
2021-12-02,450.7300109863281,459.07000732421875,450.30999755859375,457.3999938964844,448.5221252441406,127637800,SPY
2021-12-03,459.1700134277344,460.29998779296875,448.9200134277344,453.4200134277344,444.6194152832031,137331600,SPY
2021-12-06,456.1300048828125,460.7900085449219,453.55999755859375,458.7900085449219,449.8851623535156,98977500,SPY
2021-12-07,464.4100036621094,468.8800048828125,458.6499938964844,468.2799987792969,459.19097900390625,95484700,SPY
2021-12-08,468.70001220703125,470.0,466.8299865722656,469.5199890136719,460.40692138671875,72238800,SPY
2021-12-09,468.1499938964844,469.6300048828125,466.1400146484375,466.3500061035156,457.2984619140625,61272600,SPY
2021-12-10,469.2300109863281,470.8999938964844,466.510009765625,470.739990234375,461.6032409667969,77159800,SPY
2021-12-13,470.19000244140625,470.55999755859375,466.2699890136719,466.57000732421875,457.51416015625,87724700,SPY
2021-12-14,463.0899963378906,465.739990234375,460.25,463.3599853515625,454.3664245605469,97264100,SPY
2021-12-15,463.4200134277344,470.8599853515625,460.739990234375,470.6000061035156,461.4659729003906,116899300,SPY
2021-12-16,472.57000732421875,472.8699951171875,464.79998779296875,466.45001220703125,457.396484375,116568600,SPY
2021-12-17,461.54998779296875,464.739990234375,458.05999755859375,459.8699951171875,452.5284729003906,135511600,SPY
2021-12-20,454.4800109863281,455.3999938964844,451.1400146484375,454.9800109863281,447.716552734375,107134800,SPY
2021-12-21,458.6099853515625,463.2099914550781,456.30999755859375,463.05999755859375,455.6675720214844,69806300,SPY
2021-12-22,462.7900085449219,467.80999755859375,462.5799865722656,467.69000244140625,460.2236633300781,58890200,SPY
2021-12-23,468.75,472.19000244140625,468.6400146484375,470.6000061035156,463.08721923828125,56439700,SPY
2021-12-27,472.05999755859375,477.30999755859375,472.010009765625,477.260009765625,469.6408996582031,56808600,SPY
2021-12-28,477.7200012207031,478.80999755859375,476.05999755859375,476.8699951171875,469.2570495605469,47274600,SPY
2021-12-29,476.9800109863281,478.55999755859375,475.9200134277344,477.4800109863281,469.85736083984375,54503000,SPY
2021-12-30,477.92999267578125,479.0,475.6700134277344,476.1600036621094,468.5584716796875,55329000,SPY
2021-12-31,475.6400146484375,476.8599853515625,474.6700134277344,474.9599914550781,467.3775634765625,65237400,SPY
2022-01-03,476.29998779296875,477.8500061035156,473.8500061035156,477.7099914550781,470.08367919921875,72668200,SPY
2022-01-04,479.2200012207031,479.9800109863281,475.5799865722656,477.54998779296875,469.92620849609375,71178700,SPY
2022-01-05,477.1600036621094,477.9800109863281,468.2799987792969,468.3800048828125,460.9026184082031,104538900,SPY
2022-01-06,467.8900146484375,470.82000732421875,465.42999267578125,467.94000244140625,460.46966552734375,86858900,SPY
2022-01-07,467.95001220703125,469.20001220703125,464.6499938964844,466.0899963378906,458.6492004394531,85111600,SPY
2022-01-10,462.70001220703125,465.739990234375,456.6000061035156,465.510009765625,458.07843017578125,119362000,SPY
2022-01-11,465.2300109863281,469.8500061035156,462.04998779296875,469.75,462.25079345703125,74303100,SPY
2022-01-12,471.5899963378906,473.20001220703125,468.94000244140625,471.0199890136719,463.50048828125,67605400,SPY
2022-01-13,472.19000244140625,472.8800048828125,463.44000244140625,464.5299987792969,457.1141052246094,91173100,SPY
2022-01-14,461.19000244140625,465.0899963378906,459.8999938964844,464.7200012207031,457.3010559082031,95890900,SPY
2022-01-18,459.739990234375,459.9599914550781,455.30999755859375,456.489990234375,449.2024230957031,109709100,SPY
2022-01-19,458.1300048828125,459.6099853515625,451.4599914550781,451.75,444.5381164550781,109357600,SPY
2022-01-20,453.75,458.739990234375,444.5,446.75,439.617919921875,122379700,SPY
2022-01-21,445.55999755859375,448.05999755859375,437.95001220703125,437.9800109863281,430.98797607421875,202271200,SPY
2022-01-24,432.0299987792969,440.3800048828125,420.760009765625,439.8399963378906,432.8182373046875,251783900,SPY
2022-01-25,433.05999755859375,439.7200012207031,427.1499938964844,434.4700012207031,427.5339660644531,167997300,SPY
2022-01-26,440.7200012207031,444.0400085449219,428.8599853515625,433.3800048828125,426.46136474609375,186391100,SPY
2022-01-27,438.260009765625,441.5899963378906,429.45001220703125,431.239990234375,424.35552978515625,149878300,SPY
2022-01-28,432.67999267578125,442.0,427.82000732421875,441.95001220703125,434.89459228515625,164457400,SPY
2022-01-31,441.239990234375,450.2799987792969,439.80999755859375,449.9100036621094,442.72747802734375,152251400,SPY
2022-02-01,450.67999267578125,453.6300048828125,446.94000244140625,452.95001220703125,445.718994140625,123155400,SPY
2022-02-02,455.5,458.1199951171875,453.04998779296875,457.3500061035156,450.0487365722656,117361000,SPY
2022-02-03,450.95001220703125,452.9700012207031,445.7099914550781,446.6000061035156,439.4703063964844,118024400,SPY
2022-02-04,446.3500061035156,452.7799987792969,443.8299865722656,448.70001220703125,441.5368347167969,118454400,SPY
2022-02-07,449.510009765625,450.989990234375,445.8500061035156,447.260009765625,440.1198425292969,84472900,SPY
2022-02-08,446.7300109863281,451.9200134277344,445.2200012207031,450.94000244140625,443.7410583496094,81012000,SPY
2022-02-09,455.2200012207031,457.8800048828125,455.010009765625,457.5400085449219,450.2357177734375,92589900,SPY
2022-02-10,451.3399963378906,457.7099914550781,447.20001220703125,449.32000732421875,442.14691162109375,140103700,SPY
2022-02-11,449.4100036621094,451.6099853515625,438.94000244140625,440.4599914550781,433.4283447265625,153214600,SPY
2022-02-14,439.9200134277344,441.6000061035156,435.3399963378906,439.0199890136719,432.0113220214844,123006300,SPY
2022-02-15,443.7300109863281,446.2799987792969,443.17999267578125,446.1000061035156,438.9783020019531,88482700,SPY
2022-02-16,443.92999267578125,448.05999755859375,441.94000244140625,446.6000061035156,439.4703063964844,84863600,SPY
2022-02-17,443.2200012207031,446.57000732421875,436.4200134277344,437.05999755859375,430.0826416015625,102259100,SPY
2022-02-18,437.3299865722656,438.6600036621094,431.82000732421875,434.2300109863281,427.2978210449219,132642900,SPY
2022-02-22,431.8900146484375,435.5,425.8599853515625,429.57000732421875,422.71221923828125,124391800,SPY
2022-02-23,432.6600036621094,433.260009765625,421.3500061035156,421.95001220703125,415.2138671875,132578000,SPY
2022-02-24,411.0199890136719,428.760009765625,410.6400146484375,428.29998779296875,421.46246337890625,213942900,SPY
2022-02-25,429.6099853515625,437.8399963378906,427.8599853515625,437.75,430.7616271972656,121804500,SPY
2022-02-28,432.0299987792969,438.20001220703125,430.70001220703125,436.6300048828125,429.6595153808594,145615000,SPY
2022-03-01,435.0400085449219,437.1700134277344,427.1099853515625,429.9800109863281,423.11566162109375,137785900,SPY
2022-03-02,432.3699951171875,439.7200012207031,431.57000732421875,437.8900146484375,430.8994140625,117726500,SPY
2022-03-03,440.4700012207031,441.1099853515625,433.79998779296875,435.7099914550781,428.7541809082031,105501700,SPY
2022-03-04,431.75,433.3699951171875,427.8800048828125,432.1700134277344,425.2707214355469,113978200,SPY
2022-03-07,431.54998779296875,432.29998779296875,419.3599853515625,419.42999267578125,412.7340393066406,137896600,SPY
2022-03-08,419.6199951171875,427.2099914550781,415.1199951171875,416.25,409.6048583984375,164772700,SPY
2022-03-09,425.1400146484375,429.510009765625,422.82000732421875,427.4100036621094,420.5867004394531,116990800,SPY
2022-03-10,422.5199890136719,426.42999267578125,420.44000244140625,425.4800109863281,418.6875,93972700,SPY
2022-03-11,428.1199951171875,428.7699890136719,419.5299987792969,420.07000732421875,413.3638916015625,95636300,SPY
2022-03-14,420.8900146484375,424.54998779296875,415.7900085449219,417.0,410.3428649902344,95729200,SPY
2022-03-15,419.7699890136719,426.8399963378906,418.4200134277344,426.1700134277344,419.3664855957031,106219100,SPY
2022-03-16,429.8900146484375,435.67999267578125,424.79998779296875,435.6199951171875,428.66558837890625,144954800,SPY
2022-03-17,433.5899963378906,441.07000732421875,433.19000244140625,441.07000732421875,434.0285949707031,102676900,SPY
2022-03-18,438.0,444.8599853515625,437.2200012207031,444.5199890136719,438.7824401855469,106345500,SPY
2022-03-21,444.3399963378906,446.4599914550781,440.67999267578125,444.3900146484375,438.65411376953125,88349800,SPY
2022-03-22,445.8599853515625,450.5799865722656,445.8599853515625,449.5899963378906,443.7869873046875,74650400,SPY
2022-03-23,446.9100036621094,448.489990234375,443.7099914550781,443.79998779296875,438.0717468261719,79426100,SPY
2022-03-24,445.94000244140625,450.5,444.760009765625,450.489990234375,444.6753845214844,64736900,SPY
2022-03-25,451.1600036621094,452.9800109863281,448.42999267578125,452.69000244140625,446.84698486328125,77101300,SPY
2022-03-28,452.05999755859375,455.9100036621094,450.05999755859375,455.9100036621094,450.0254211425781,68529800,SPY
2022-03-29,460.0199890136719,462.07000732421875,457.17999267578125,461.54998779296875,455.5926513671875,86581500,SPY
2022-03-30,460.3399963378906,461.20001220703125,456.4700012207031,458.70001220703125,452.7794494628906,79666900,SPY
2022-03-31,457.8900146484375,458.760009765625,451.1600036621094,451.6400146484375,445.8105773925781,121699900,SPY
2022-04-01,453.30999755859375,453.4599914550781,449.1400146484375,452.9200134277344,447.07403564453125,89048800,SPY
2022-04-04,453.1300048828125,456.9100036621094,452.260009765625,456.79998779296875,450.9039306640625,59601000,SPY
2022-04-05,455.2200012207031,457.8299865722656,449.82000732421875,451.0299987792969,445.2084045410156,74214500,SPY
2022-04-06,446.8900146484375,448.92999267578125,443.4700012207031,446.5199890136719,440.7566223144531,106898000,SPY
2022-04-07,445.5899963378906,450.69000244140625,443.5299987792969,448.7699890136719,442.9775695800781,78097200,SPY
2022-04-08,447.9700012207031,450.6300048828125,445.94000244140625,447.57000732421875,441.7930908203125,79272700,SPY
2022-04-11,444.1099853515625,445.0,439.3900146484375,439.9200134277344,434.2418518066406,89770500,SPY
2022-04-12,443.0799865722656,445.75,436.6499938964844,438.2900085449219,432.6328430175781,84363600,SPY
2022-04-13,438.0299987792969,444.1099853515625,437.8399963378906,443.30999755859375,437.58807373046875,74070400,SPY
2022-04-14,443.54998779296875,444.7300109863281,437.67999267578125,437.7900085449219,432.13934326171875,97869500,SPY
2022-04-18,436.80999755859375,439.75,435.6099853515625,437.9700012207031,432.3169860839844,66002500,SPY
2022-04-19,437.8599853515625,445.79998779296875,437.67999267578125,445.0400085449219,439.2957458496094,77821000,SPY
2022-04-20,446.9200134277344,447.57000732421875,443.4800109863281,444.7099914550781,438.9700012207031,65224400,SPY
2022-04-21,448.5400085449219,450.010009765625,437.1000061035156,438.05999755859375,432.40582275390625,85417300,SPY
2022-04-22,436.9100036621094,438.0799865722656,425.44000244140625,426.0400085449219,420.5409851074219,132471800,SPY
2022-04-25,423.6700134277344,428.69000244140625,418.8399963378906,428.510009765625,422.9790954589844,119647700,SPY
2022-04-26,425.8299865722656,426.0400085449219,416.07000732421875,416.1000061035156,410.7292785644531,103996300,SPY
2022-04-27,417.239990234375,422.9200134277344,415.010009765625,417.2699890136719,411.8841552734375,122030000,SPY
2022-04-28,422.2900085449219,429.6400146484375,417.6000061035156,427.80999755859375,422.2881164550781,105449100,SPY
2022-04-29,423.5899963378906,425.8699951171875,411.2099914550781,412.0,406.68218994140625,145491100,SPY
2022-05-02,412.07000732421875,415.9200134277344,405.0199890136719,414.4800109863281,409.13018798828125,158312500,SPY
2022-05-03,415.010009765625,418.92999267578125,413.3599853515625,416.3800048828125,411.00567626953125,100028200,SPY
2022-05-04,417.0799865722656,429.6600036621094,413.7099914550781,429.05999755859375,423.52197265625,144247900,SPY
2022-05-05,424.54998779296875,425.0,409.44000244140625,413.80999755859375,408.46881103515625,172929100,SPY
2022-05-06,411.1000061035156,414.79998779296875,405.7300109863281,411.3399963378906,406.03070068359375,151770800,SPY
2022-05-09,405.1000061035156,406.4100036621094,396.5,398.1700134277344,393.03070068359375,155586100,SPY
2022-05-10,404.489990234375,406.0799865722656,394.82000732421875,399.0899963378906,393.9388427734375,132497200,SPY
2022-05-11,398.07000732421875,404.0400085449219,391.9599914550781,392.75,387.6806335449219,142361000,SPY
2022-05-12,389.3699951171875,395.79998779296875,385.1499938964844,392.3399963378906,387.27593994140625,125090800,SPY
2022-05-13,396.7099914550781,403.17999267578125,395.6099853515625,401.7200012207031,396.5348815917969,104174400,SPY
2022-05-16,399.9800109863281,403.9700012207031,397.6000061035156,400.0899963378906,394.9259033203125,78622400,SPY
2022-05-17,406.5299987792969,408.57000732421875,402.5799865722656,408.32000732421875,403.0497131347656,83029700,SPY
2022-05-18,403.5,403.79998779296875,390.54998779296875,391.8599853515625,386.8020935058594,117674500,SPY
2022-05-19,388.6199951171875,394.1400146484375,387.1099853515625,389.4599914550781,384.43310546875,98510700,SPY
2022-05-20,393.25,397.0299987792969,380.5400085449219,389.6300048828125,384.6009216308594,131432200,SPY
2022-05-23,392.8299865722656,397.7300109863281,390.3800048828125,396.9200134277344,391.7968444824219,76414900,SPY
2022-05-24,392.55999755859375,395.1499938964844,386.9599914550781,393.8900146484375,388.8059387207031,91448800,SPY
2022-05-25,392.30999755859375,399.45001220703125,391.8900146484375,397.3699951171875,392.24102783203125,91472900,SPY
2022-05-26,398.6700134277344,407.0400085449219,398.45001220703125,405.30999755859375,400.07855224609375,82168300,SPY
2022-05-27,407.9100036621094,415.3800048828125,407.70001220703125,415.260009765625,409.9001159667969,84768700,SPY
2022-05-31,413.54998779296875,416.4599914550781,410.0299987792969,412.92999267578125,407.6001892089844,95937000,SPY
2022-06-01,415.1700134277344,416.239990234375,406.92999267578125,409.5899963378906,404.3033142089844,86585800,SPY
2022-06-02,409.4200134277344,417.44000244140625,407.0400085449219,417.3900146484375,412.0026550292969,79609600,SPY
2022-06-03,412.3999938964844,414.0400085449219,409.510009765625,410.5400085449219,405.24102783203125,71874300,SPY
2022-06-06,414.7799987792969,416.6099853515625,410.54998779296875,411.7900085449219,406.47491455078125,57508900,SPY
2022-06-07,408.1000061035156,416.2200012207031,407.6099853515625,415.739990234375,410.3739318847656,59272400,SPY
2022-06-08,413.92999267578125,415.82000732421875,410.3800048828125,411.2200012207031,405.9122619628906,64350000,SPY
2022-06-09,409.3399963378906,411.739990234375,401.44000244140625,401.44000244140625,396.2585144042969,86289800,SPY
2022-06-10,394.8800048828125,395.7799987792969,389.75,389.79998779296875,384.7687072753906,132893900,SPY
2022-06-13,379.8500061035156,381.80999755859375,373.29998779296875,375.0,370.1597595214844,170004900,SPY
2022-06-14,376.8500061035156,377.94000244140625,370.5899963378906,373.8699951171875,369.04437255859375,104011800,SPY
2022-06-15,377.3599853515625,383.8999938964844,372.1199951171875,379.20001220703125,374.3055419921875,125666800,SPY
2022-06-16,370.510009765625,370.94000244140625,364.0799865722656,366.6499938964844,361.91754150390625,134473300,SPY
2022-06-17,365.510009765625,369.3800048828125,362.1700134277344,365.8599853515625,362.69775390625,111113900,SPY
2022-06-21,371.8900146484375,376.5299987792969,371.80999755859375,375.07000732421875,371.8281555175781,76811900,SPY
2022-06-22,370.6199951171875,378.7200012207031,370.17999267578125,374.3900146484375,371.1540222167969,90059400,SPY
2022-06-23,376.6400146484375,378.8299865722656,372.8900146484375,378.05999755859375,374.79229736328125,79292100,SPY
2022-06-24,381.3999938964844,390.0899963378906,381.3699951171875,390.0799865722656,386.7084045410156,98050300,SPY
2022-06-27,391.04998779296875,391.3599853515625,387.44000244140625,388.5899963378906,385.2312927246094,66009600,SPY
2022-06-28,390.2300109863281,393.1600036621094,380.5299987792969,380.6499938964844,377.3598937988281,86548900,SPY
2022-06-29,381.2300109863281,382.2699890136719,378.4200134277344,380.3399963378906,377.0526123046875,65676000,SPY
2022-06-30,376.239990234375,380.6600036621094,372.55999755859375,377.25,373.9892883300781,112508300,SPY
2022-07-01,376.55999755859375,381.70001220703125,373.79998779296875,381.239990234375,377.9447937011719,74839700,SPY
2022-07-05,375.8800048828125,381.9800109863281,372.8999938964844,381.9599914550781,378.6585693359375,81438000,SPY
2022-07-06,382.1099853515625,385.8699951171875,379.6000061035156,383.25,379.93743896484375,70426200,SPY
2022-07-07,385.1199951171875,389.8299865722656,383.2699890136719,388.989990234375,385.6278076171875,64525900,SPY
2022-07-08,387.2699890136719,390.6400146484375,385.6600036621094,388.6700134277344,385.31060791015625,72397800,SPY
2022-07-11,385.8500061035156,386.8699951171875,383.5,384.2300109863281,380.9089660644531,58366900,SPY
2022-07-12,383.6499938964844,386.1600036621094,378.989990234375,380.8299865722656,377.538330078125,62219200,SPY
2022-07-13,375.1000061035156,381.9200134277344,374.6600036621094,378.8299865722656,375.5556335449219,84224600,SPY
2022-07-14,373.6099853515625,379.04998779296875,371.0400085449219,377.9100036621094,374.6435852050781,89704800,SPY
2022-07-15,382.54998779296875,385.25,380.5400085449219,385.1300048828125,381.80120849609375,79060400,SPY
2022-07-18,388.3800048828125,389.0899963378906,380.6600036621094,381.95001220703125,378.648681640625,63203600,SPY
2022-07-19,386.0799865722656,392.8699951171875,385.3900146484375,392.2699890136719,388.87945556640625,78506000,SPY
2022-07-20,392.4700012207031,396.260009765625,391.0299987792969,394.7699890136719,391.35784912109375,71843800,SPY
2022-07-21,394.1600036621094,398.8399963378906,391.6300048828125,398.7900085449219,395.3431091308594,64903900,SPY
2022-07-22,398.9200134277344,400.17999267578125,392.75,395.0899963378906,391.6750793457031,72197300,SPY
2022-07-25,395.75,396.4700012207031,393.2099914550781,395.57000732421875,392.1509704589844,53631500,SPY
2022-07-26,393.8399963378906,394.05999755859375,389.95001220703125,390.8900146484375,387.51141357421875,52946400,SPY
2022-07-27,394.3599853515625,402.8800048828125,394.04998779296875,401.0400085449219,397.5736999511719,82342100,SPY
2022-07-28,401.8900146484375,406.79998779296875,398.1499938964844,406.07000732421875,402.5601806640625,73966600,SPY
2022-07-29,407.5799865722656,413.0299987792969,406.7699890136719,411.989990234375,408.42901611328125,87003700,SPY
2022-08-01,409.1499938964844,413.4100036621094,408.3999938964844,410.7699890136719,407.21954345703125,69997500,SPY
2022-08-02,409.1199951171875,413.0,406.82000732421875,408.05999755859375,404.53302001953125,63435400,SPY
2022-08-03,410.29998779296875,415.67999267578125,410.0,414.45001220703125,410.8677673339844,67820600,SPY
2022-08-04,414.3699951171875,415.0899963378906,412.44000244140625,414.1700134277344,410.5902099609375,45656600,SPY
2022-08-05,409.6600036621094,414.1499938964844,409.6000061035156,413.4700012207031,409.896240234375,56814900,SPY
2022-08-08,415.25,417.6199951171875,411.8299865722656,412.989990234375,409.4203796386719,53886100,SPY
2022-08-09,412.2200012207031,412.75,410.2200012207031,411.3500061035156,407.7945861816406,44931800,SPY
2022-08-10,418.7799987792969,420.1400146484375,416.7200012207031,419.989990234375,416.35986328125,68665700,SPY
2022-08-11,422.989990234375,424.95001220703125,419.2099914550781,419.989990234375,416.35986328125,59489700,SPY
2022-08-12,422.0299987792969,427.2099914550781,421.0299987792969,427.1000061035156,423.4084167480469,61694500,SPY
2022-08-15,424.7699890136719,429.4100036621094,424.7099914550781,428.8599853515625,425.1531982421875,54048300,SPY
2022-08-16,427.7300109863281,431.7300109863281,426.8800048828125,429.70001220703125,425.9859619140625,59289000,SPY
2022-08-17,425.9100036621094,429.5,424.5400085449219,426.6499938964844,422.9623107910156,63563400,SPY
2022-08-18,426.8599853515625,428.6099853515625,425.5,427.8900146484375,424.19158935546875,49023200,SPY
2022-08-19,424.9800109863281,425.260009765625,421.2200012207031,422.1400146484375,418.4913024902344,68016900,SPY
2022-08-22,417.04998779296875,417.2300109863281,412.3999938964844,413.3500061035156,409.7772521972656,77695600,SPY
2022-08-23,412.8999938964844,415.4200134277344,411.7699890136719,412.3500061035156,408.78594970703125,49105200,SPY
2022-08-24,412.1099853515625,415.1099853515625,411.3900146484375,413.6700134277344,410.09454345703125,49177800,SPY
2022-08-25,415.239990234375,419.55999755859375,414.0899963378906,419.510009765625,415.8840637207031,50942300,SPY
2022-08-26,419.3900146484375,419.9599914550781,405.25,405.30999755859375,401.8067626953125,103087000,SPY
2022-08-29,402.20001220703125,405.8399963378906,401.20001220703125,402.6300048828125,399.14996337890625,65370800,SPY
2022-08-30,403.8500061035156,404.1000061035156,396.0,398.2099914550781,394.76812744140625,85652400,SPY
2022-08-31,399.92999267578125,401.239990234375,395.0400085449219,395.17999267578125,391.7643127441406,76029700,SPY
2022-09-01,392.8900146484375,396.7799987792969,390.0400085449219,396.4200134277344,392.9936218261719,78740100,SPY
2022-09-02,400.2799987792969,401.55999755859375,390.3299865722656,392.239990234375,388.8497009277344,99632100,SPY
2022-09-06,393.1300048828125,394.1199951171875,388.4200134277344,390.760009765625,387.3825378417969,76637400,SPY
2022-09-07,390.42999267578125,398.5899963378906,390.20001220703125,397.7799987792969,394.34185791015625,70964200,SPY
2022-09-08,395.3900146484375,400.8599853515625,394.1199951171875,400.3800048828125,396.91937255859375,80821700,SPY
2022-09-09,402.739990234375,407.510009765625,402.4599914550781,406.6000061035156,403.0856018066406,76706900,SPY
2022-09-12,408.7799987792969,411.7300109863281,408.4599914550781,410.9700012207031,407.4178466796875,69256300,SPY
2022-09-13,401.8299865722656,403.1000061035156,391.9200134277344,393.1000061035156,389.7023010253906,122947100,SPY
2022-09-14,394.4700012207031,396.20001220703125,391.1199951171875,394.6000061035156,391.1893310546875,85023700,SPY
2022-09-15,392.9599914550781,395.9599914550781,388.7799987792969,390.1199951171875,386.7480773925781,87633800,SPY
2022-09-16,384.1400146484375,386.25,382.1099853515625,385.55999755859375,383.797607421875,103084800,SPY
2022-09-19,382.260009765625,388.54998779296875,382.17999267578125,388.54998779296875,386.77392578125,73278500,SPY
2022-09-20,385.05999755859375,386.1199951171875,381.20001220703125,384.0899963378906,382.3343200683594,77274900,SPY
2022-09-21,386.1099853515625,389.30999755859375,377.3800048828125,377.3900146484375,375.6649475097656,106746600,SPY
2022-09-22,376.5799865722656,378.29998779296875,373.44000244140625,374.2200012207031,372.5094299316406,89472600,SPY
2022-09-23,370.5799865722656,370.6199951171875,363.2900085449219,367.95001220703125,366.2680969238281,122346900,SPY
2022-09-26,366.4100036621094,370.2099914550781,363.0299987792969,364.30999755859375,362.64471435546875,92581200,SPY
2022-09-27,368.0199890136719,370.3999938964844,360.8699951171875,363.3800048828125,361.718994140625,108294100,SPY
2022-09-28,364.3800048828125,372.29998779296875,362.6000061035156,370.5299987792969,368.8363037109375,110802200,SPY
2022-09-29,366.80999755859375,367.1099853515625,359.70001220703125,362.7900085449219,361.1316833496094,112952300,SPY
2022-09-30,361.79998779296875,365.9100036621094,357.0400085449219,357.17999267578125,355.54730224609375,153711200,SPY
2022-10-03,361.0799865722656,368.54998779296875,359.2099914550781,366.6099853515625,364.9342041015625,89756500,SPY
2022-10-04,372.3999938964844,378.0,366.57000732421875,377.9700012207031,376.2422790527344,103602800,SPY
2022-10-05,373.3900146484375,379.4599914550781,370.95001220703125,377.0899963378906,375.3663024902344,88065700,SPY
2022-10-06,375.6199951171875,378.7200012207031,372.67999267578125,373.20001220703125,371.4941101074219,82333500,SPY
2022-10-07,368.9700012207031,373.2900085449219,360.94000244140625,362.7900085449219,361.1316833496094,107789500,SPY
2022-10-10,363.9599914550781,364.2099914550781,357.6700134277344,360.0199890136719,358.37432861328125,76042800,SPY
2022-10-11,358.239990234375,363.0299987792969,355.7099914550781,357.739990234375,356.1047668457031,92482800,SPY
2022-10-12,358.1700134277344,359.82000732421875,356.29998779296875,356.55999755859375,354.9301452636719,76991800,SPY
2022-10-13,349.2099914550781,367.510009765625,348.1099853515625,365.9700012207031,364.2971496582031,147254500,SPY
2022-10-14,368.54998779296875,370.260009765625,356.9599914550781,357.6300048828125,355.9952697753906,123737000,SPY
2022-10-17,364.010009765625,367.9800109863281,357.2799987792969,366.82000732421875,365.1432800292969,93168200,SPY
2022-10-18,375.1300048828125,375.45001220703125,367.5199890136719,371.1300048828125,369.4335632324219,97162900,SPY
2022-10-19,368.989990234375,371.8500061035156,365.54998779296875,368.5,366.8155822753906,79746900,SPY
2022-10-20,368.0299987792969,372.6700134277344,364.6099853515625,365.4100036621094,363.7397155761719,88283100,SPY
2022-10-21,365.1199951171875,374.79998779296875,363.5400085449219,374.2900085449219,372.5791320800781,131038400,SPY
2022-10-24,375.8900146484375,380.05999755859375,373.1099853515625,378.8699951171875,377.13818359375,85436900,SPY
2022-10-25,378.7900085449219,385.25,378.6700134277344,384.9200134277344,383.1605224609375,78846300,SPY
2022-10-26,381.6199951171875,387.5799865722656,381.3500061035156,382.0199890136719,380.2737731933594,104087300,SPY
2022-10-27,383.07000732421875,385.0,379.3299865722656,379.9800109863281,378.24310302734375,81971800,SPY
2022-10-28,379.8699951171875,389.5199890136719,379.67999267578125,389.0199890136719,387.24176025390625,100302000,SPY
2022-10-31,386.44000244140625,388.3999938964844,385.260009765625,386.2099914550781,384.4446105957031,96631300,SPY
2022-11-01,390.1400146484375,390.3900146484375,383.2900085449219,384.5199890136719,382.7623291015625,85407600,SPY
2022-11-02,383.8999938964844,388.6300048828125,374.760009765625,374.8699951171875,373.1564636230469,126990400,SPY
2022-11-03,371.4700012207031,374.20001220703125,368.7900085449219,371.010009765625,369.3141174316406,87100100,SPY
2022-11-04,377.0,378.8699951171875,370.0,376.3500061035156,374.62969970703125,103505200,SPY
2022-11-07,377.7099914550781,380.57000732421875,375.5299987792969,379.95001220703125,378.2132568359375,68286900,SPY
2022-11-08,381.1099853515625,385.1199951171875,377.7200012207031,382.0,380.2538757324219,84641100,SPY
2022-11-09,379.92999267578125,381.1400146484375,373.6099853515625,374.1300048828125,372.41986083984375,78495500,SPY
2022-11-10,388.04998779296875,395.0400085449219,385.6400146484375,394.69000244140625,392.8858642578125,141455800,SPY
2022-11-11,395.5899963378906,399.3500061035156,393.6099853515625,398.510009765625,396.68841552734375,93839900,SPY
2022-11-14,396.6600036621094,400.17999267578125,394.8299865722656,395.1199951171875,393.31390380859375,71903500,SPY
2022-11-15,401.1499938964844,402.30999755859375,394.489990234375,398.489990234375,396.6684875488281,93194500,SPY
2022-11-16,396.7799987792969,397.7799987792969,394.7900085449219,395.45001220703125,393.64239501953125,68508500,SPY
2022-11-17,390.4599914550781,394.95001220703125,390.1400146484375,394.239990234375,392.4378967285156,74496300,SPY
2022-11-18,397.739990234375,397.80999755859375,393.0400085449219,396.0299987792969,394.2197265625,92922500,SPY
2022-11-21,394.6400146484375,395.82000732421875,392.6600036621094,394.5899963378906,392.78631591796875,51243200,SPY
2022-11-22,396.6300048828125,400.07000732421875,395.1499938964844,399.8999938964844,398.0720520019531,60429000,SPY
2022-11-23,399.54998779296875,402.92999267578125,399.30999755859375,402.4200134277344,400.5805358886719,68261600,SPY
2022-11-25,401.8299865722656,402.9100036621094,401.5400085449219,402.3299865722656,400.4909362792969,30545400,SPY
2022-11-28,399.0899963378906,400.80999755859375,395.1099853515625,395.9100036621094,394.10028076171875,67881600,SPY
2022-11-29,396.04998779296875,397.29998779296875,393.29998779296875,395.2300109863281,393.42340087890625,52310000,SPY
2022-11-30,395.489990234375,407.67999267578125,393.4800109863281,407.67999267578125,405.81646728515625,144566700,SPY
2022-12-01,408.7699890136719,410.0,404.75,407.3800048828125,405.5178527832031,76398200,SPY
2022-12-02,402.25,407.8599853515625,402.1400146484375,406.9100036621094,405.0500183105469,85342700,SPY
2022-12-05,403.95001220703125,404.92999267578125,398.1700134277344,399.5899963378906,397.7634582519531,77289800,SPY
2022-12-06,399.4200134277344,399.989990234375,391.6400146484375,393.8299865722656,392.02978515625,77972200,SPY
2022-12-07,392.94000244140625,395.6400146484375,391.9700012207031,393.1600036621094,391.36285400390625,65927900,SPY
2022-12-08,395.1400146484375,397.3599853515625,393.2699890136719,396.239990234375,394.42877197265625,60737900,SPY
2022-12-09,394.94000244140625,397.6199951171875,393.1499938964844,393.2799987792969,391.4822998046875,81447700,SPY
2022-12-12,394.1099853515625,398.95001220703125,393.4100036621094,398.95001220703125,397.12640380859375,75405800,SPY
2022-12-13,410.2200012207031,410.489990234375,399.07000732421875,401.9700012207031,400.1325988769531,123782500,SPY
2022-12-14,401.6099853515625,405.5,396.30999755859375,399.3999938964844,397.5743408203125,108111300,SPY
2022-12-15,394.29998779296875,395.25,387.8900146484375,389.6300048828125,387.8489990234375,117705900,SPY
2022-12-16,385.17999267578125,386.5799865722656,381.0400085449219,383.2699890136719,383.2699890136719,119858000,SPY
2022-12-19,383.4700012207031,383.82000732421875,378.2799987792969,380.0199890136719,380.0199890136719,79878100,SPY
2022-12-20,379.2300109863281,382.2300109863281,377.8500061035156,380.5400085449219,380.5400085449219,74427200,SPY
2022-12-21,383.25,387.4100036621094,382.69000244140625,386.2300109863281,386.2300109863281,78167400,SPY
2022-12-22,383.04998779296875,386.2099914550781,374.7699890136719,380.7200012207031,380.7200012207031,100120900,SPY
2022-12-23,379.6499938964844,383.05999755859375,378.0299987792969,382.9100036621094,382.9100036621094,59857300,SPY
2022-12-27,382.7900085449219,383.1499938964844,379.6499938964844,381.3999938964844,381.3999938964844,51638200,SPY
2022-12-28,381.3299865722656,383.3900146484375,376.4200134277344,376.6600036621094,376.6600036621094,70911500,SPY
2022-12-29,379.6300048828125,384.3500061035156,379.0799865722656,383.44000244140625,383.44000244140625,66970900,SPY
2022-12-30,380.6400146484375,382.5799865722656,378.42999267578125,382.42999267578125,382.42999267578125,84022200,SPY
2023-01-03,384.3699951171875,386.42999267578125,377.8299865722656,380.82000732421875,380.82000732421875,74850700,SPY
2023-01-04,383.17999267578125,385.8800048828125,380.0,383.760009765625,383.760009765625,85934100,SPY
2023-01-05,381.7200012207031,381.8399963378906,378.760009765625,379.3800048828125,379.3800048828125,76970500,SPY
2023-01-06,382.6099853515625,389.25,379.4100036621094,388.0799865722656,388.0799865722656,104189600,SPY
2023-01-09,390.3699951171875,393.70001220703125,387.6700134277344,387.8599853515625,387.8599853515625,73978100,SPY
2023-01-10,387.25,390.6499938964844,386.2699890136719,390.5799865722656,390.5799865722656,65358100,SPY
2023-01-11,392.2300109863281,395.6000061035156,391.3800048828125,395.5199890136719,395.5199890136719,68881100,SPY
2023-01-12,396.6700134277344,398.489990234375,392.4200134277344,396.9599914550781,396.9599914550781,90157700,SPY
2023-01-13,393.6199951171875,399.1000061035156,393.3399963378906,398.5,398.5,63903900,SPY
2023-01-17,398.4800109863281,400.2300109863281,397.05999755859375,397.7699890136719,397.7699890136719,62677300,SPY
2023-01-18,399.010009765625,400.1199951171875,391.2799987792969,391.489990234375,391.489990234375,99632300,SPY
2023-01-19,389.3599853515625,391.0799865722656,387.260009765625,388.6400146484375,388.6400146484375,86958900,SPY
2023-01-20,390.1000061035156,396.0400085449219,388.3800048828125,395.8800048828125,395.8800048828125,91806400,SPY
2023-01-23,396.7200012207031,402.6499938964844,395.7200012207031,400.6300048828125,400.6300048828125,84178800,SPY
2023-01-24,398.8800048828125,401.1499938964844,397.6400146484375,400.20001220703125,400.20001220703125,59524900,SPY
2023-01-25,395.95001220703125,400.70001220703125,393.55999755859375,400.3500061035156,400.3500061035156,84800300,SPY
2023-01-26,403.1300048828125,404.9200134277344,400.0299987792969,404.75,404.75,72287400,SPY
2023-01-27,403.6600036621094,408.1600036621094,403.44000244140625,405.67999267578125,405.67999267578125,68346200,SPY
2023-01-30,402.79998779296875,405.1300048828125,400.2799987792969,400.5899963378906,400.5899963378906,74202000,SPY
2023-01-31,401.1300048828125,406.5299987792969,400.7699890136719,406.4800109863281,406.4800109863281,86811800,SPY
2023-02-01,405.2099914550781,413.6700134277344,402.3500061035156,410.79998779296875,410.79998779296875,101459200,SPY
2023-02-02,414.8599853515625,418.30999755859375,412.8800048828125,416.7799987792969,416.7799987792969,101654500,SPY
2023-02-03,411.5899963378906,416.9700012207031,411.0899963378906,412.3500061035156,412.3500061035156,94736800,SPY
2023-02-06,409.7900085449219,411.2900085449219,408.1000061035156,409.8299865722656,409.8299865722656,60295300,SPY
2023-02-07,408.8699951171875,416.489990234375,407.57000732421875,415.19000244140625,415.19000244140625,90990700,SPY
2023-02-08,413.1300048828125,414.5299987792969,409.92999267578125,410.6499938964844,410.6499938964844,76227500,SPY
2023-02-09,414.4100036621094,414.57000732421875,405.80999755859375,407.0899963378906,407.0899963378906,78694900,SPY
2023-02-10,405.8599853515625,408.44000244140625,405.010009765625,408.0400085449219,408.0400085449219,70769700,SPY
2023-02-13,408.7200012207031,412.9700012207031,408.239990234375,412.8299865722656,412.8299865722656,64913500,SPY
2023-02-14,411.239990234375,415.04998779296875,408.510009765625,412.6400146484375,412.6400146484375,88389300,SPY
2023-02-15,410.3500061035156,414.05999755859375,409.4700012207031,413.9800109863281,413.9800109863281,61555700,SPY
2023-02-16,408.7900085449219,412.9100036621094,408.1400146484375,408.2799987792969,408.2799987792969,76431500,SPY
2023-02-17,406.05999755859375,407.510009765625,404.04998779296875,407.260009765625,407.260009765625,89257800,SPY
2023-02-21,403.05999755859375,404.1600036621094,398.82000732421875,399.0899963378906,399.0899963378906,82655900,SPY
2023-02-22,399.5199890136719,401.1300048828125,397.0199890136719,398.5400085449219,398.5400085449219,83742300,SPY
2023-02-23,401.55999755859375,402.20001220703125,396.25,400.6600036621094,400.6600036621094,96242400,SPY
2023-02-24,395.4200134277344,397.25,393.6400146484375,396.3800048828125,396.3800048828125,108194400,SPY
2023-02-27,399.8699951171875,401.2900085449219,396.75,397.7300109863281,397.7300109863281,80444700,SPY
2023-02-28,397.2300109863281,399.2799987792969,396.1499938964844,396.260009765625,396.260009765625,96438600,SPY
2023-03-01,395.4100036621094,396.69000244140625,393.3800048828125,394.739990234375,394.739990234375,99706800,SPY
2023-03-02,392.67999267578125,398.69000244140625,392.3299865722656,397.80999755859375,397.80999755859375,85127800,SPY
2023-03-03,399.7099914550781,404.45001220703125,399.0299987792969,404.19000244140625,404.19000244140625,90038300,SPY
